ticker,name,close,rs,mcap,dvol_50d,vs_52w_low,from_52w_high,sma200_up_months,n_pass,pass_all,new_52w_high,new_52w_low,1_price_gt_150_200,2_150_gt_200,3_200ma_rising_1m,4_50_gt_150_gt_200,5_price_gt_50,6_ge_30pct_above_52wlow,7_within_25pct_of_52whigh,8_rs_ge_70
327260.KQ,RF머트리얼즈,42300.0,99.0,760900000000.0,16385421226,1278.6,-33.2,5,6,False,False,False,True,True,True,False,True,True,False,True
159010.KQ,아스플로,24200.0,98.7,322700000000.0,3714438386,606.6,-9.4,5,8,True,False,False,True,True,True,True,True,True,True,True
402340.KS,SK스퀘어,1138000.0,98.4,150129500000000.0,985189386840,727.0,-48.0,5,6,False,False,False,True,True,True,True,False,True,False,True
319660.KQ,피에스케이,131800.0,98.1,3817800000000.0,73798944636,524.6,-40.0,5,6,False,False,False,True,True,True,True,False,True,False,True
317400.KS,자이에스앤디,10010.0,97.8,388200000000.0,12159767091,228.2,-16.0,5,8,True,False,False,True,True,True,True,True,True,True,True
222800.KQ,심텍,132600.0,97.5,5035400000000.0,95806730542,452.5,-19.2,5,8,True,False,False,True,True,True,True,True,True,True,True
417840.KQ,저스템,13890.0,97.3,317700000000.0,11989506616,368.7,-37.6,5,7,False,False,False,True,True,True,True,True,True,False,True
219130.KQ,타이거일렉,67300.0,97.0,425000000000.0,4339629702,339.9,-23.4,5,7,False,False,False,True,True,True,True,False,True,True,True
228340.KQ,동양파일,4250.0,96.7,85000000000.0,8869359560,174.2,-41.8,3,7,False,False,False,True,True,True,True,True,True,False,True
134580.KQ,탑코미디어,3670.0,96.4,180900000000.0,1414522308,331.8,-14.7,1,6,False,False,False,True,False,True,False,True,True,True,True
226340.KQ,본느,5990.0,96.1,50300000000.0,10456010740,391.0,-38.1,1,5,False,False,False,True,False,True,False,True,True,False,True
440110.KQ,파두,74400.0,95.8,3728300000000.0,38509040092,481.7,-42.5,5,6,False,False,False,True,True,True,False,True,True,False,True
189330.KQ,씨이랩,11670.0,95.5,109500000000.0,8389192715,243.2,-38.9,4,6,False,False,False,True,True,True,True,False,True,False,True
353200.KS,대덕전자,106100.0,95.2,5243100000000.0,114435378060,371.6,-46.4,5,5,False,False,False,False,True,True,True,False,True,False,True
420770.KQ,기가비스,96300.0,94.9,1220700000000.0,17878930620,294.7,-53.3,5,5,False,False,False,False,True,True,True,False,True,False,True
198440.KQ,강동씨앤엘,2085.0,94.6,127000000000.0,7925378827,129.1,-28.8,3,7,False,False,False,True,True,True,True,True,True,False,True
198440.KQ,강동씨앤엘,2085.0,94.6,127000000000.0,7925378827,129.1,-28.8,3,7,False,False,False,True,True,True,True,True,True,False,True
080580.KQ,오킨스전자,20800.0,94.1,438700000000.0,4548838856,258.6,-24.4,5,7,False,False,False,True,True,True,False,True,True,True,True
475150.KS,SK이터닉스,53200.0,93.8,1812400000000.0,295361199500,209.1,-39.3,5,7,False,False,False,True,True,True,True,True,True,False,True
322000.KS,HD현대에너지솔루션,143100.0,93.5,1602700000000.0,54007766014,238.7,-44.1,5,6,False,False,False,True,True,True,False,True,True,False,True
092190.KQ,서울바이오시스,7710.0,93.2,353600000000.0,1444689708,261.1,-60.0,5,7,False,False,False,True,True,True,True,True,True,False,True
187660.KQ,페니트리움바이오,7420.0,92.9,474600000000.0,5437937441,245.9,-65.5,5,5,False,False,False,False,True,True,False,True,True,False,True
222040.KQ,코스맥스엔비티,7750.0,92.6,159900000000.0,3261633125,171.0,-30.8,4,6,False,False,False,True,True,True,True,False,True,False,True
089970.KQ,브이엠,49600.0,92.3,1305800000000.0,51494422396,357.1,-59.4,5,5,False,False,False,False,True,True,True,False,True,False,True
241710.KQ,코스메카코리아,123600.0,92.0,1320000000000.0,16162743666,117.6,-20.5,5,8,True,False,False,True,True,True,True,True,True,True,True
270520.KQ,앱튼,3025.0,91.7,70100000000.0,1288482464,314.4,-75.9,0,3,False,False,False,True,False,False,False,False,True,False,True
212560.KQ,네오오토,12350.0,91.5,166600000000.0,3401083815,147.2,-23.3,5,8,True,False,False,True,True,True,True,True,True,True,True
319400.KQ,현대무벡스,22000.0,91.2,2450300000000.0,38424182849,372.6,-56.3,5,4,False,False,False,False,True,True,False,False,True,False,True
446540.KQ,메가터치,7910.0,90.9,230000000000.0,1728741215,143.8,-28.0,5,7,False,False,False,True,True,True,True,True,True,False,True
375500.KS,DL이앤씨,81200.0,90.6,3141900000000.0,24162884920,111.2,-23.8,5,7,False,False,False,True,True,True,False,True,True,True,True
089860.KS,롯데렌탈,48700.0,90.3,1768300000000.0,5817906446,82.7,-8.3,3,8,True,False,False,True,True,True,True,True,True,True,True
252990.KQ,샘씨엔에스,13330.0,90.0,802700000000.0,8896554036,192.3,-21.4,5,8,True,False,False,True,True,True,True,True,True,True,True
162300.KQ,신스틸,2765.0,89.7,114700000000.0,6130509505,107.1,-12.4,1,6,False,True,False,True,False,True,False,True,True,True,True
417310.KS,코람코더원리츠,2365.0,89.4,95500000000.0,1614808170,3.7,-78.6,5,6,False,False,False,True,True,True,True,True,False,False,True
108490.KQ,로보티즈,310000.0,89.1,4546800000000.0,68878415278,258.8,-33.2,5,6,False,False,False,True,True,True,False,True,True,False,True
240810.KQ,원익IPS,120100.0,88.8,5895000000000.0,170371849606,223.3,-36.0,5,5,False,False,False,False,True,True,False,True,True,False,True
085620.KS,미래에셋생명,19280.0,88.5,2606300000000.0,6311418901,183.5,-48.3,5,7,False,False,False,True,True,True,True,True,True,False,True
192820.KS,코스맥스,266500.0,88.3,3024600000000.0,30832379832,89.0,-13.1,1,8,True,False,False,True,True,True,True,True,True,True,True
122640.KQ,예스티,31350.0,88.0,678800000000.0,14424463300,106.2,-28.7,5,7,False,False,False,True,True,True,True,True,True,False,True
092870.KQ,엑시콘,27100.0,87.7,353700000000.0,6493806963,181.1,-35.0,5,6,False,False,False,True,True,True,False,True,True,False,True
452260.KS,한화갤러리아,2565.0,87.4,497200000000.0,2858088607,156.8,-37.7,5,6,False,False,False,True,True,True,False,True,True,False,True
377450.KQ,리파인,16940.0,87.1,293600000000.0,2265099383,101.2,-6.7,1,6,False,False,False,True,False,True,False,True,True,True,True
298000.KS,효성화학,57900.0,86.8,219500000000.0,5045144661,48.8,-33.8,3,6,False,False,False,True,True,True,True,False,True,False,True
403870.KQ,HPSP,56000.0,86.5,4608800000000.0,136415093692,122.7,-39.1,5,6,False,False,False,True,True,True,False,True,True,False,True
413630.KQ,씨피시스템,3970.0,86.2,144700000000.0,22847102309,140.9,-35.9,0,4,False,False,False,True,False,False,False,True,True,False,True
144960.KQ,뉴파워프라즈마,8790.0,85.9,384100000000.0,13380214464,86.6,-33.8,5,6,False,False,False,True,True,True,True,False,True,False,True
138080.KQ,오이솔루션,24000.0,85.6,297100000000.0,6365372089,164.3,-58.5,5,5,False,False,False,False,True,True,False,True,True,False,True
138080.KQ,오이솔루션,24000.0,85.6,297100000000.0,6365372089,164.3,-58.5,5,5,False,False,False,False,True,True,False,True,True,False,True
281820.KS,케이씨텍,66400.0,85.1,1314600000000.0,19763736970,115.2,-46.8,5,6,False,False,False,True,True,True,True,False,True,False,True
307180.KQ,아이엘,5510.0,84.8,203400000000.0,1871791172,129.6,-47.0,5,5,False,False,False,False,True,True,False,True,True,False,True
356860.KQ,티엘비,38000.0,84.5,900600000000.0,18517541041,193.7,-41.3,5,6,False,False,False,True,True,True,False,True,True,False,True
028260.KS,삼성물산,376000.0,84.2,60975000000000.0,185401620860,131.4,-33.5,5,7,False,False,False,True,True,True,True,True,True,False,True
076610.KQ,해성옵틱스,1196.0,83.9,70800000000.0,2137498347,146.6,-59.2,5,5,False,False,False,False,True,True,False,True,True,False,True
189860.KQ,서전기전,5670.0,83.6,55000000000.0,1470965097,101.1,-50.7,5,6,False,False,False,True,True,True,False,True,True,False,True
388790.KQ,라이콤,4815.0,83.3,147400000000.0,2789489063,128.2,-48.4,5,6,False,False,False,True,True,True,False,True,True,False,True
049080.KQ,기가레인,8680.0,83.0,73700000000.0,10892047376,142.5,-72.2,5,5,False,False,False,False,True,True,False,True,True,False,True
396300.KQ,세아메카닉스,5070.0,82.7,134300000000.0,8487463004,123.3,-30.9,5,6,False,False,False,True,True,True,False,True,True,False,True
382800.KQ,지앤비에스 에코,5090.0,82.5,162000000000.0,3289927038,99.6,-49.9,5,5,False,False,False,False,True,True,False,True,True,False,True
298040.KS,효성중공업,2931000.0,82.2,27330300000000.0,140463358860,147.3,-38.2,5,5,False,False,False,False,True,True,False,True,True,False,True
356680.KQ,엑스게이트,12610.0,81.9,359900000000.0,11318458933,106.7,-58.7,5,6,False,False,False,True,True,True,False,True,True,False,True
062040.KS,산일전기,210500.0,81.6,6450300000000.0,52813360058,107.0,-38.3,5,6,False,False,False,True,True,True,False,True,True,False,True
290550.KQ,디케이티,15770.0,81.3,315400000000.0,6522579848,136.8,-54.9,5,4,False,False,False,False,True,True,False,False,True,False,True
059120.KQ,아진엑스텍,7030.0,81.0,128700000000.0,8627191613,116.3,-51.5,5,5,False,False,False,False,True,True,False,True,True,False,True
131970.KQ,두산테스나,83800.0,80.7,1619600000000.0,22757817230,148.7,-57.4,5,5,False,False,False,False,True,True,False,True,True,False,True
368770.KQ,파이버프로,12690.0,80.4,416900000000.0,1978264338,140.3,-57.6,5,5,False,False,False,False,True,True,False,True,True,False,True
412350.KQ,레이저쎌,4935.0,80.1,72100000000.0,2462231237,213.7,-66.3,5,5,False,False,False,False,True,True,False,True,True,False,True
307950.KS,현대오토에버,392500.0,79.8,10763900000000.0,37930342830,165.9,-63.2,5,4,False,False,False,False,True,True,False,False,True,False,True
336260.KS,두산퓨얼셀,53900.0,79.5,3530100000000.0,39860014191,195.7,-50.5,5,6,False,False,False,True,True,True,False,True,True,False,True
236200.KQ,슈프리마,50000.0,79.3,348700000000.0,1442709550,65.6,-23.1,5,7,False,False,False,True,True,True,True,False,True,True,True
064850.KQ,에프앤가이드,17440.0,79.0,199000000000.0,1034957039,120.8,-52.9,5,4,False,False,False,False,True,True,False,False,True,False,True
332570.KQ,PS일렉트로닉스,7510.0,78.7,350800000000.0,30211256621,84.7,-49.9,5,6,False,False,False,True,True,True,False,True,True,False,True
267250.KS,HD현대,255000.0,78.4,20143200000000.0,32180990988,95.7,-23.4,5,7,False,False,False,True,True,True,False,True,True,True,True
298020.KS,효성티앤씨,342000.0,78.1,1480100000000.0,6561160750,71.9,-38.6,5,5,False,False,False,False,True,True,False,True,True,False,True
126730.KQ,코칩,19650.0,77.8,172300000000.0,10430227650,111.1,-46.2,1,6,False,False,False,True,True,True,False,True,True,False,True
365270.KQ,큐라클,9830.0,77.5,217800000000.0,1136667514,173.1,-52.6,5,4,False,False,False,False,True,True,False,False,True,False,True
280360.KS,롯데웰푸드,139100.0,77.2,1280400000000.0,3961750414,54.6,-10.3,1,8,True,False,False,True,True,True,True,True,True,True,True
018260.KS,삼성에스디에스,224500.0,76.9,17371300000000.0,62006962382,56.2,-42.2,5,7,False,False,False,True,True,True,True,True,True,False,True
267270.KS,HD건설기계,143000.0,76.6,6852800000000.0,35516937472,68.2,-34.3,5,6,False,False,False,True,True,True,False,True,True,False,True
388050.KQ,지투파워,11080.0,76.4,207300000000.0,15747295583,107.1,-40.0,1,6,False,False,False,True,True,True,False,True,True,False,True
302430.KQ,이노메트리,8810.0,76.1,86400000000.0,2837912930,118.6,-23.7,0,5,False,False,False,True,False,False,False,True,True,True,True
100790.KQ,미래에셋벤처투자,16890.0,75.8,897200000000.0,11640488782,186.3,-76.1,5,5,False,False,False,False,True,True,False,True,True,False,True
289080.KQ,SV인베스트먼트,2635.0,75.5,158500000000.0,3147485867,83.1,-47.6,1,5,False,False,False,False,True,True,False,True,True,False,True
265740.KQ,엔에프씨,6900.0,75.2,123300000000.0,2206287398,71.6,-29.9,1,6,False,False,False,True,True,True,False,True,True,False,True
261780.KQ,아리바이오LAB,3290.0,74.9,95300000000.0,1128222612,80.4,-51.0,0,5,False,False,False,True,True,False,False,True,True,False,True
278470.KS,에이피알,368500.0,74.6,13796000000000.0,109725087740,80.6,-22.4,5,7,False,False,False,True,True,True,True,False,True,True,True
347700.KQ,스피어,20900.0,74.3,1077400000000.0,27116341998,196.5,-63.5,5,4,False,False,False,False,True,True,False,False,True,False,True
204270.KQ,제이앤티씨,21200.0,74.0,1226400000000.0,8349460259,90.3,-29.6,0,4,False,False,False,True,False,False,False,True,True,False,True
217190.KQ,제너셈,6430.0,73.7,84600000000.0,1182326258,62.2,-33.5,1,6,False,False,False,True,True,True,False,True,True,False,True
282330.KS,BGF리테일,145400.0,73.5,2513100000000.0,9233141440,43.7,-7.2,5,8,True,False,False,True,True,True,True,True,True,True,True
138360.KQ,앤로보틱스,1682.0,73.2,148000000000.0,2413733549,131.0,-66.2,5,4,False,False,False,False,True,True,False,False,True,False,True
294870.KS,IPARK현대산업개발,23550.0,72.9,1552100000000.0,3980409194,39.3,-6.0,1,7,False,False,False,True,True,True,False,True,True,True,True
425420.KQ,티에프이,53400.0,72.6,659300000000.0,4064955524,127.2,-31.3,1,6,False,False,False,True,True,True,False,True,True,False,True
460860.KS,동국제강,10400.0,72.3,515900000000.0,1731334119,34.0,-41.3,1,6,False,False,False,True,True,True,False,True,True,False,True
355150.KQ,코스텍시스,19700.0,72.0,153600000000.0,1869258845,99.0,-69.3,5,5,False,False,False,False,True,True,False,True,True,False,True
234340.KQ,헥토파이낸셜,24200.0,71.7,338100000000.0,11111967179,70.7,-46.2,1,5,False,False,False,False,True,True,False,True,True,False,True
316140.KS,우리금융지주,33500.0,71.4,24682300000000.0,81474539075,41.1,-19.3,5,7,False,False,False,True,True,True,False,True,True,True,True
112610.KS,씨에스윈드,50800.0,71.1,2142300000000.0,19313134983,47.2,-36.0,1,6,False,False,False,True,True,True,False,True,True,False,True
200470.KQ,에이팩트,6450.0,70.8,282700000000.0,4238721905,150.0,-50.8,5,5,False,False,False,False,True,True,False,True,True,False,True
183300.KQ,코미코,27600.0,70.5,1417600000000.0,10057231503,74.7,-50.4,5,5,False,False,False,False,True,True,False,True,True,False,True
194370.KS,제이에스코퍼레이션,12690.0,70.3,368200000000.0,1160549253,33.6,-21.1,5,8,True,False,False,True,True,True,True,True,True,True,True
217730.KQ,강스템바이오텍,2210.0,70.0,207900000000.0,1821256326,104.6,-52.9,5,4,False,False,False,False,True,True,False,False,True,False,True
199430.KQ,케이엔알시스템,18850.0,69.7,211100000000.0,3801366140,121.5,-58.4,0,2,False,False,False,False,False,False,False,True,True,False,False
218410.KQ,RFHIC,49700.0,69.4,1320800000000.0,16826399888,104.5,-60.8,5,4,False,False,False,False,True,True,False,True,True,False,False
234690.KQ,녹십자웰빙,9950.0,69.1,178700000000.0,3757910821,49.0,-37.4,0,3,False,False,False,False,True,False,False,True,True,False,False
166090.KQ,하나머티리얼즈,52100.0,68.8,1030400000000.0,9561528548,114.0,-40.7,5,3,False,False,False,False,True,True,False,False,True,False,False
294570.KQ,쿠콘,30950.0,68.5,312300000000.0,3081337581,138.1,-34.7,0,3,False,False,False,True,False,False,False,True,True,False,False
251970.KQ,펌텍코리아,51300.0,68.2,636100000000.0,4794793527,63.4,-26.9,1,4,False,False,False,True,False,True,False,True,True,False,False
242040.KQ,나무기술,3100.0,67.9,107300000000.0,1485270379,137.0,-72.1,5,3,False,False,False,False,True,True,False,False,True,False,False
257720.KQ,실리콘투,44600.0,67.6,2924700000000.0,53243650405,49.4,-20.5,1,5,False,False,False,True,False,True,False,True,True,True,False
160980.KQ,싸이맥스,23500.0,67.4,256700000000.0,6019114155,98.3,-50.9,5,4,False,False,False,False,True,True,True,False,True,False,False
330350.KQ,위더스제약,8000.0,67.1,105600000000.0,4257040851,35.4,-33.1,1,5,False,False,False,True,True,True,False,True,True,False,False
439090.KQ,마녀공장,15810.0,66.8,259200000000.0,7127604434,42.9,-25.6,1,5,False,False,False,True,True,True,True,False,True,False,False
204620.KQ,글로벌텍스프리,5440.0,66.5,382300000000.0,4661504016,37.5,-24.8,0,6,False,False,False,True,True,False,True,True,True,True,False
066970.KS,엘앤에프,127000.0,66.2,5167000000000.0,51462293328,114.5,-43.6,0,3,False,False,False,False,True,False,False,True,True,False,False
229640.KS,LS에코에너지,49600.0,65.9,1519000000000.0,4809291265,55.0,-54.8,5,4,False,False,False,False,True,True,False,True,True,False,False
124500.KQ,아이티센글로벌,32100.0,65.6,744900000000.0,13186690813,129.4,-57.5,5,4,False,False,False,False,True,True,False,True,True,False,False
079550.KS,LIG디펜스앤에어로스페이스,670000.0,65.3,14740000000000.0,100678446420,86.1,-40.1,5,3,False,False,False,False,True,True,False,False,True,False,False
308080.KQ,바이젠셀,6780.0,65.0,139000000000.0,1281710608,120.8,-60.9,5,3,False,False,False,False,False,True,False,True,True,False,False
306200.KS,세아제강,147100.0,64.7,417200000000.0,1028078506,31.3,-22.2,5,6,False,False,False,True,True,True,False,True,True,True,False
192650.KS,드림텍,6290.0,64.5,414400000000.0,2389103979,76.4,-31.0,0,3,False,False,False,True,False,False,False,True,True,False,False
195870.KS,해성디에스,50800.0,64.2,863600000000.0,8727614208,134.6,-53.2,5,3,False,False,False,False,True,True,False,False,True,False,False
171090.KQ,선익시스템,68100.0,63.9,689700000000.0,3312181086,90.5,-52.7,5,4,False,False,False,False,True,True,False,True,True,False,False
368600.KQ,아이씨에이치,1051.0,63.6,27100000000.0,2405364237,114.1,-60.8,0,3,False,False,False,True,False,False,False,True,True,False,False
330860.KQ,네패스아크,24100.0,63.3,293600000000.0,6625441289,68.4,-62.0,5,3,False,False,False,False,True,True,False,False,True,False,False
187870.KQ,디바이스,10310.0,63.0,142900000000.0,1299421009,92.2,-65.3,5,3,False,False,False,False,True,True,False,False,True,False,False
003380.KQ,하림지주,11100.0,62.7,1243300000000.0,5754439834,57.2,-43.4,5,4,False,False,False,False,True,True,False,True,True,False,False
264850.KQ,이랜시스,6000.0,62.4,181800000000.0,9780215321,70.2,-37.0,1,3,False,False,False,False,False,True,False,True,True,False,False
295310.KQ,에이치브이엠,49950.0,62.1,614300000000.0,6750587710,127.6,-65.3,5,4,False,False,False,False,True,True,False,True,True,False,False
452190.KQ,한빛레이저,5000.0,61.8,119600000000.0,3382357775,91.2,-52.8,0,4,False,False,False,True,True,False,False,True,True,False,False
241560.KS,두산밥캣,63600.0,61.5,6096400000000.0,10333030322,22.5,-20.2,5,4,False,False,False,False,True,True,False,True,False,True,False
203650.KQ,드림시큐리티,2135.0,61.3,217100000000.0,2455761917,52.5,-55.6,5,4,False,False,False,False,True,True,False,True,True,False,False
216080.KQ,제테마,6240.0,61.0,232700000000.0,1121931803,64.2,-44.7,0,2,False,False,False,False,False,False,False,True,True,False,False
900290.KQ,GRT,3710.0,60.7,309800000000.0,1974827330,75.0,-50.5,1,4,False,False,False,False,True,True,False,True,True,False,False
243840.KQ,신흥에스이씨,5900.0,60.4,227500000000.0,1103345555,72.3,-52.0,0,3,False,False,False,False,True,False,False,True,True,False,False
357780.KQ,솔브레인,338000.0,60.1,2629200000000.0,15962490120,69.0,-36.2,5,4,False,False,False,False,True,True,False,True,True,False,False
092790.KS,넥스틸,13310.0,59.8,346100000000.0,5526329399,47.4,-42.1,1,4,False,False,False,False,True,True,False,True,True,False,False
285130.KS,SK케미칼,54500.0,59.5,942800000000.0,3694737634,52.0,-33.4,0,2,False,False,False,False,False,False,False,True,True,False,False
437730.KQ,삼현,34000.0,59.2,1078100000000.0,7704583985,157.0,-55.8,5,2,False,False,False,False,False,True,False,False,True,False,False
294630.KQ,서남,3115.0,58.9,82500000000.0,1154911359,35.7,-56.4,1,4,False,False,False,False,True,True,False,True,True,False,False
204320.KS,HL만도,49700.0,58.6,2333800000000.0,28141169848,54.6,-37.2,5,3,False,False,False,False,False,True,False,True,True,False,False
456040.KS,OCI,80600.0,58.4,721600000000.0,4385802532,53.5,-50.6,5,3,False,False,False,False,True,True,False,False,True,False,False
340570.KQ,티앤엘,28100.0,58.1,451600000000.0,3060002784,30.4,-21.5,4,5,False,False,False,False,True,True,True,False,True,True,False
443060.KS,HD현대마린솔루션,210500.0,57.8,9437400000000.0,21167548028,33.2,-26.7,0,4,False,False,False,True,True,False,False,True,True,False,False
419050.KQ,삼기에너지솔루션즈,1667.0,57.5,95300000000.0,9817252867,92.7,-32.4,0,3,False,False,False,True,False,False,False,True,True,False,False
354320.KQ,알멕,35550.0,57.2,227200000000.0,2438773574,88.1,-65.8,5,4,False,False,False,False,True,True,False,True,True,False,False
323280.KQ,태성,47650.0,56.9,1455100000000.0,12028618648,107.2,-49.3,5,4,False,False,False,False,True,True,False,True,True,False,False
068270.KS,셀트리온,183100.0,56.6,42592200000000.0,111382729336,15.5,-23.4,5,3,False,False,False,False,True,True,False,False,False,True,False
393890.KQ,더블유씨피,10040.0,56.3,339800000000.0,2082141414,81.9,-53.0,5,4,False,False,False,False,True,True,False,True,True,False,False
178920.KS,PI첨단소재,19610.0,56.0,575900000000.0,1086462513,31.8,-39.0,5,4,False,False,False,False,True,True,False,True,True,False,False
115180.KQ,큐리언트,22500.0,55.7,844500000000.0,4311217622,119.5,-64.2,5,4,False,False,False,False,True,True,False,True,True,False,False
030190.KS,NICE평가정보,15840.0,55.5,923000000000.0,1487340302,21.8,-14.4,2,4,False,False,False,True,False,True,False,True,False,True,False
107640.KQ,한중엔시에스,43150.0,55.2,391200000000.0,3519425132,86.0,-40.9,0,2,False,False,False,False,False,False,False,True,True,False,False
300720.KS,한일시멘트,16410.0,54.9,1206900000000.0,1458010224,29.1,-22.4,0,3,False,False,False,True,False,False,False,True,False,True,False
214450.KQ,파마리서치,366000.0,54.6,3802600000000.0,71447078990,43.5,-48.2,0,2,False,False,False,True,False,False,False,False,True,False,False
140860.KQ,파크시스템스,256000.0,54.3,1792600000000.0,9381247360,24.9,-27.0,1,2,False,False,False,False,True,True,False,False,False,False,False
396470.KQ,워트,6710.0,54.0,108200000000.0,1985235838,62.7,-38.8,0,3,False,False,False,True,False,False,False,True,True,False,False
090460.KS,비에이치,19940.0,53.7,672200000000.0,17310575427,60.3,-54.1,1,4,False,False,False,False,True,True,False,True,True,False,False
271560.KS,오리온,120000.0,53.4,4743500000000.0,14269879038,21.2,-20.1,5,4,False,False,False,False,True,True,True,False,False,True,False
142210.KQ,유니트론텍,5960.0,53.1,123700000000.0,1730132620,33.3,-34.2,1,3,False,False,False,False,False,True,False,True,True,False,False
003670.KS,포스코퓨처엠,192100.0,52.8,17086600000000.0,53158349124,67.5,-35.9,0,2,False,False,False,False,False,False,False,True,True,False,False
178320.KQ,서진시스템,36400.0,52.5,2317900000000.0,42685772353,94.1,-56.3,5,3,False,False,False,False,True,True,False,False,True,False,False
253590.KQ,네오셈,11600.0,52.3,508900000000.0,4287717767,73.1,-45.8,0,3,False,False,False,False,True,False,False,True,True,False,False
457190.KS,이수스페셜티케미컬,68100.0,52.0,2057900000000.0,7742476943,58.4,-48.3,5,4,False,False,False,False,True,True,False,True,True,False,False
389500.KQ,에스비비테크,38800.0,51.7,258500000000.0,3856064432,94.3,-66.3,5,4,False,False,False,False,True,True,False,True,True,False,False
237880.KQ,클리오,12050.0,51.4,217800000000.0,1805264249,36.9,-21.4,0,3,False,False,False,False,False,False,False,True,True,True,False
225570.KQ,넥슨게임즈,11350.0,51.1,747500000000.0,1581521104,44.4,-26.4,0,3,False,False,False,True,False,False,False,True,True,False,False
094170.KQ,동운아나텍,28200.0,50.8,589700000000.0,3318315305,73.2,-50.0,5,3,False,False,False,False,True,True,False,False,True,False,False
263800.KQ,데이타솔루션,4700.0,50.5,76300000000.0,10182466500,14.2,-46.2,0,0,False,False,False,False,False,False,False,False,False,False,False
290690.KQ,소룩스,4125.0,50.2,218900000000.0,3762394965,52.8,-42.5,0,1,False,False,False,False,False,False,False,False,True,False,False
395400.KS,SK리츠,5230.0,49.9,1574300000000.0,1210649981,9.9,-27.4,5,2,False,False,False,False,True,True,False,False,False,False,False
026960.KS,동서,25600.0,49.6,2552300000000.0,1921559945,14.5,-17.3,0,2,False,False,False,False,False,False,False,True,False,True,False
214320.KS,이노션,18570.0,49.4,742800000000.0,1324623435,11.0,-18.0,5,3,False,False,False,False,True,True,False,False,False,True,False
950200.KQ,소마젠,3230.0,49.1,62100000000.0,1602381814,35.7,-31.1,0,2,False,False,False,False,False,False,False,True,True,False,False
452280.KQ,한선엔지니어링,10810.0,48.8,208100000000.0,2859911210,50.3,-71.0,5,3,False,False,False,False,True,True,False,False,True,False,False
207940.KS,삼성바이오로직스,1452000.0,48.5,67214500000000.0,83275595320,18.2,-26.9,0,0,False,False,False,False,False,False,False,False,False,False,False
272210.KS,한화시스템,71100.0,48.2,13432200000000.0,37816069020,58.9,-61.4,5,4,False,False,False,False,True,True,False,True,True,False,False
009900.KS,명신산업,8310.0,47.9,436000000000.0,1438774592,54.2,-44.4,0,3,False,False,False,False,True,False,False,True,True,False,False
272110.KQ,케이엔제이,25250.0,47.6,202600000000.0,2244575625,65.0,-43.4,0,2,False,False,False,False,True,False,False,False,True,False,False
192080.KS,더블유게임즈,55900.0,47.3,1183600000000.0,3232502984,18.9,-26.9,4,3,False,False,False,False,True,True,True,False,False,False,False
267260.KS,HD현대일렉트릭,751000.0,47.0,27071400000000.0,122176815960,55.2,-47.5,0,2,False,False,False,False,True,False,False,False,True,False,False
432470.KQ,케이엔에스,10050.0,46.7,88200000000.0,2006098049,69.8,-50.7,0,3,False,False,False,False,True,False,False,True,True,False,False
037030.KQ,파워넷,3250.0,46.5,82900000000.0,1178179992,34.3,-68.8,5,3,False,False,False,False,True,True,False,False,True,False,False
126340.KQ,비나텍,69500.0,46.2,499000000000.0,7400198893,88.1,-66.0,5,4,False,False,False,False,True,True,False,True,True,False,False
417010.KQ,나노팀,6420.0,45.9,129500000000.0,2782390390,92.8,-59.7,1,4,False,False,False,False,True,True,False,True,True,False,False
373220.KS,LG에너지솔루션,371000.0,45.6,86814000000000.0,114496754600,27.7,-29.6,0,1,False,False,False,False,False,False,False,True,False,False,False
456010.KQ,아이씨티케이,15400.0,45.3,223300000000.0,3682885458,40.0,-61.5,0,2,False,False,False,False,True,False,False,False,True,False,False
320000.KQ,한울반도체,10000.0,45.0,69100000000.0,7022137157,41.3,-65.6,0,3,False,False,False,False,True,False,True,False,True,False,False
441270.KQ,파인엠텍,8080.0,44.7,341000000000.0,5121095512,51.3,-42.5,0,2,False,False,False,False,False,False,False,True,True,False,False
196170.KQ,알테오젠,279500.0,44.4,19468600000000.0,170781537000,43.6,-36.1,0,2,False,False,False,False,False,False,False,True,True,False,False
190510.KQ,나무가,15550.0,44.1,219000000000.0,1332352023,40.7,-45.6,0,2,False,False,False,False,False,False,False,True,True,False,False
189300.KQ,인텔리안테크,64400.0,43.8,691500000000.0,5016253131,65.1,-64.3,5,3,False,False,False,False,True,True,False,False,True,False,False
377300.KS,카카오페이,46950.0,43.5,6351100000000.0,12994036193,28.5,-40.7,0,1,False,False,False,False,False,False,False,True,False,False,False
110990.KQ,디아이티,15660.0,43.3,296000000000.0,1405121868,38.8,-46.0,5,3,False,False,False,False,True,True,False,False,True,False,False
277810.KQ,레인보우로보틱스,445500.0,43.0,8642600000000.0,58471087390,67.2,-54.5,5,3,False,False,False,False,True,True,False,False,True,False,False
382900.KQ,범한퓨얼셀,23350.0,42.7,204600000000.0,1592305002,97.7,-47.2,0,2,False,False,False,False,False,False,False,True,True,False,False
145020.KQ,휴젤,236000.0,42.4,2953600000000.0,11677869240,13.2,-31.0,1,2,False,False,False,False,True,True,False,False,False,False,False
265520.KQ,AP시스템,18810.0,42.1,283100000000.0,1146341234,20.6,-39.5,0,1,False,False,False,False,True,False,False,False,False,False,False
383220.KS,F&F,64800.0,41.8,2482300000000.0,5586263168,11.7,-27.2,4,3,False,False,False,False,True,True,True,False,False,False,False
290650.KQ,엘앤씨바이오,52500.0,41.5,1415900000000.0,15802093869,80.1,-58.0,5,3,False,False,False,False,True,True,False,False,True,False,False
270660.KQ,에브리봇,13950.0,41.2,177000000000.0,2425261207,47.3,-56.3,0,2,False,False,False,False,False,False,False,True,True,False,False
226950.KQ,올릭스,99200.0,40.9,2089400000000.0,33064431336,79.1,-54.3,0,2,False,False,False,False,True,False,False,False,True,False,False
088980.KS,맥쿼리인프라,9870.0,40.6,4727000000000.0,14121214781,5.9,-17.0,0,1,False,False,False,False,False,False,False,False,False,True,False
027360.KQ,아주IB투자,3310.0,40.4,401000000000.0,9085143026,73.0,-83.4,5,3,False,False,False,False,True,True,False,False,True,False,False
201490.KQ,미투온,2775.0,40.1,90800000000.0,2216413110,59.7,-59.2,0,2,False,False,False,False,False,False,False,True,True,False,False
462870.KS,시프트업,31250.0,39.8,1835700000000.0,2214505886,13.6,-29.7,0,0,False,False,False,False,False,False,False,False,False,False,False
232680.KQ,라온로보틱스,9370.0,39.5,124200000000.0,1921459022,33.5,-60.9,5,4,False,False,False,False,True,True,False,True,True,False,False
323410.KS,카카오뱅크,21600.0,39.2,10305800000000.0,18497995868,13.0,-26.8,0,1,False,False,False,False,True,False,False,False,False,False,False
950220.KQ,네오이뮨텍,2200.0,38.9,75300000000.0,2799409282,97.3,-63.8,0,2,False,False,False,False,False,False,False,True,True,False,False
161580.KQ,필옵틱스,34600.0,38.6,811100000000.0,4942357928,78.5,-46.7,0,2,False,False,False,False,False,False,False,True,True,False,False
464080.KQ,에스오에스랩,9970.0,38.3,179600000000.0,1159316703,52.2,-65.3,0,2,False,False,False,False,False,False,False,True,True,False,False
464080.KQ,에스오에스랩,9970.0,38.3,179600000000.0,1159316703,52.2,-65.3,0,2,False,False,False,False,False,False,False,True,True,False,False
443670.KQ,에스피소프트,3875.0,37.7,93000000000.0,3346485753,53.8,-46.8,0,2,False,False,False,False,False,False,False,True,True,False,False
211050.KQ,인카금융서비스,10200.0,37.5,502500000000.0,1117091878,25.9,-41.1,0,0,False,False,False,False,False,False,False,False,False,False,False
187790.KQ,나노,3035.0,37.2,93600000000.0,1168543646,80.1,-59.9,5,3,False,False,False,False,True,True,False,False,True,False,False
298050.KS,HS효성첨단소재,172500.0,36.9,772800000000.0,2562354808,27.8,-38.8,0,2,False,False,False,False,True,False,False,True,False,False,False
278280.KQ,천보,40100.0,36.6,491300000000.0,1168247835,54.8,-50.2,0,2,False,False,False,False,False,False,False,True,True,False,False
241520.KQ,DSC인베스트먼트,8210.0,36.3,218400000000.0,1487453704,34.2,-58.3,5,4,False,False,False,False,True,True,False,True,True,False,False
290660.KQ,다이나믹솔루션,1631.0,36.0,69900000000.0,1623664016,35.9,-53.1,1,3,False,False,False,False,True,True,False,False,True,False,False
455900.KQ,엔젤로보틱스,21550.0,35.7,331700000000.0,2290620161,45.0,-51.0,0,2,False,False,False,False,False,False,False,True,True,False,False
425040.KQ,티이엠씨,8650.0,35.4,189600000000.0,2147177152,37.3,-71.5,1,3,False,False,False,False,True,True,False,False,True,False,False
195940.KQ,HK이노엔,40000.0,35.1,1133200000000.0,5296885709,14.9,-31.7,0,0,False,False,False,False,False,False,False,False,False,False,False
185750.KS,종근당,67500.0,34.8,931700000000.0,1554595554,7.1,-31.2,0,0,False,False,False,False,False,False,False,False,False,False,False
399720.KQ,가온칩스,42700.0,34.5,506400000000.0,11034861587,22.2,-48.7,0,1,False,False,False,False,True,False,False,False,False,False,False
117730.KQ,티로보틱스,13190.0,34.3,297500000000.0,1343469501,34.6,-57.3,0,2,False,False,False,False,False,False,False,True,True,False,False
263750.KQ,펄어비스,35150.0,34.0,2209000000000.0,12686648975,19.4,-54.6,0,2,False,False,False,False,True,False,False,True,False,False,False
174900.KQ,앱클론,20950.0,33.7,418000000000.0,4613364223,112.3,-78.1,5,2,False,False,False,False,False,True,False,False,True,False,False
260970.KQ,에스앤디,52000.0,33.4,150400000000.0,1405780883,23.5,-61.7,0,0,False,False,False,False,False,False,False,False,False,False,False
215200.KQ,메가스터디교육,34200.0,33.1,354500000000.0,1416766311,0.1,-32.7,0,1,False,False,True,False,True,False,False,False,False,False,False
302440.KS,SK바이오사이언스,37300.0,32.8,2926400000000.0,3138794785,17.3,-39.2,0,1,False,False,False,False,False,False,False,True,False,False,False
460930.KQ,현대힘스,13960.0,32.5,495700000000.0,10089044980,34.5,-58.3,0,2,False,False,False,False,False,False,False,True,True,False,False
214330.KS,금호에이치티,6360.0,32.2,66500000000.0,3789086958,42.1,-51.7,0,2,False,False,False,False,False,False,False,True,True,False,False
454910.KS,두산로보틱스,72400.0,31.9,4693000000000.0,36572792476,33.6,-57.4,0,3,False,False,False,False,True,False,False,True,True,False,False
215600.KQ,신라젠,2365.0,31.6,327700000000.0,4605807025,32.9,-56.2,0,2,False,False,False,False,False,False,False,True,True,False,False
112290.KQ,와이씨켐,9790.0,31.4,198000000000.0,1197134073,32.3,-44.7,0,2,False,False,False,False,True,False,False,False,True,False,False
299660.KQ,셀리드,2345.0,31.1,69200000000.0,4234962388,141.0,-50.7,0,2,False,False,False,False,False,False,False,True,True,False,False
326030.KS,에스케이바이오팜,83800.0,30.8,6562700000000.0,11345249100,14.8,-41.8,0,1,False,False,False,False,False,False,False,True,False,False,False
465770.KS,STX그린로지스,3530.0,30.5,25500000000.0,8751377469,111.5,-63.2,0,2,False,False,False,False,False,False,False,True,True,False,False
142280.KQ,녹십자엠에스,3100.0,30.2,74300000000.0,1897662577,40.9,-53.5,0,2,False,False,False,False,False,False,False,True,True,False,False
259960.KS,크래프톤,209000.0,29.9,9561300000000.0,24949892610,4.9,-38.6,0,0,False,False,False,False,False,False,False,False,False,False,False
222080.KQ,SFA넥셀,7780.0,29.6,605100000000.0,4042258005,36.7,-60.9,5,4,False,False,False,False,True,True,False,True,True,False,False
329180.KS,HD현대중공업,463500.0,29.3,48649500000000.0,129619497220,12.6,-39.4,0,0,False,False,False,False,False,False,False,False,False,False,False
333430.KQ,일승,3990.0,29.0,122600000000.0,4948726160,40.0,-61.7,0,2,False,False,False,False,False,False,False,True,True,False,False
022100.KS,포스코DX,21900.0,28.7,3329600000000.0,16623442537,32.6,-52.0,0,2,False,False,False,False,False,False,False,True,True,False,False
417200.KQ,LS머트리얼즈,11440.0,28.5,773900000000.0,6416835983,31.5,-65.0,0,2,False,False,False,False,True,False,False,False,True,False,False
232140.KQ,와이씨,11760.0,28.2,964900000000.0,13240597986,72.4,-51.3,0,3,False,False,False,False,True,False,False,True,True,False,False
111710.KQ,남화산업,3200.0,27.9,65900000000.0,3297974521,23.1,-59.1,0,0,False,False,False,False,False,False,False,False,False,False,False
111710.KQ,남화산업,3200.0,27.9,65900000000.0,3297974521,23.1,-59.1,0,0,False,False,False,False,False,False,False,False,False,False,False
348340.KQ,뉴로메카,18200.0,27.3,426000000000.0,6657277776,39.8,-78.1,5,3,False,False,False,False,True,True,False,False,True,False,False
458870.KQ,씨어스,23200.0,27.0,889600000000.0,7523833089,49.8,-63.9,0,1,False,False,False,False,False,False,False,False,True,False,False
383310.KQ,에코프로에이치엔,23150.0,26.7,485600000000.0,4752060846,15.7,-50.6,0,1,False,False,False,False,True,False,False,False,False,False,False
148780.KQ,비큐AI,3900.0,26.4,24500000000.0,2523413031,110.8,-62.4,0,2,False,False,False,False,False,False,False,True,True,False,False
361610.KS,SK아이이테크놀로지,17770.0,26.1,1453400000000.0,6881583817,50.1,-49.4,0,2,False,False,False,False,False,False,False,True,True,False,False
453450.KQ,그리드위즈,13330.0,25.8,105900000000.0,1178289824,24.6,-55.3,0,1,False,False,False,False,True,False,False,False,False,False,False
255440.KQ,야스,7000.0,25.5,91400000000.0,2686240733,91.8,-48.0,0,1,False,False,False,False,False,False,False,False,True,False,False
365550.KS,ESR켄달스퀘어리츠,3145.0,25.3,773900000000.0,1393101609,7.5,-34.4,0,0,False,False,False,False,False,False,False,False,False,False,False
253840.KQ,수젠텍,4530.0,25.0,75800000000.0,1441172373,28.3,-45.1,0,1,False,False,False,False,False,False,False,True,False,False,False
199820.KQ,제일일렉트릭,7620.0,24.7,169300000000.0,1459283379,40.9,-65.8,0,3,False,False,False,False,True,False,False,True,True,False,False
254490.KQ,미래반도체,15280.0,24.4,220600000000.0,1582988058,45.2,-68.1,0,2,False,False,False,False,True,False,False,False,True,False,False
213420.KQ,덕산네오룩스,31200.0,24.1,774700000000.0,4942399839,27.3,-45.5,0,1,False,False,False,False,True,False,False,False,False,False,False
200710.KQ,에이디테크놀로지,24850.0,23.8,334500000000.0,5855848349,21.2,-59.9,5,2,False,False,False,False,True,True,False,False,False,False,False
406820.KQ,뷰티스킨,1840.0,23.5,26000000000.0,1539276031,20.7,-90.4,0,0,False,False,False,False,False,False,False,False,False,False,False
365340.KQ,성일하이텍,37750.0,23.2,487800000000.0,1643600861,58.6,-55.8,0,3,False,False,False,False,True,False,False,True,True,False,False
214430.KQ,아이쓰리시스템,59800.0,22.9,437000000000.0,1907245366,21.4,-56.6,0,1,False,False,False,False,True,False,False,False,False,False,False
317330.KQ,덕산테코피아,13720.0,22.6,280900000000.0,1329202075,74.8,-58.4,0,2,False,False,False,False,False,False,False,True,True,False,False
158430.KQ,아톤,4665.0,22.4,114200000000.0,1000430268,41.4,-59.0,0,2,False,False,False,False,False,False,False,True,True,False,False
163730.KQ,핑거,9290.0,22.1,111600000000.0,1000251190,49.8,-63.8,0,3,False,False,False,False,True,False,False,True,True,False,False
389260.KQ,대명에너지,13320.0,21.8,238600000000.0,4652510666,25.8,-51.7,0,0,False,False,False,False,False,False,False,False,False,False,False
314130.KQ,지놈앤컴퍼니,3370.0,21.5,176200000000.0,1418850821,38.1,-66.9,5,2,False,False,False,False,False,True,False,False,True,False,False
445090.KQ,에이직랜드,21150.0,21.2,231100000000.0,1991180317,52.0,-39.2,0,2,False,False,False,False,False,False,False,True,True,False,False
137310.KS,에스디바이오센서,6180.0,20.9,746200000000.0,1020680758,6.6,-43.5,0,0,False,False,False,False,False,False,False,False,False,False,False
388720.KQ,유일로보틱스,66300.0,20.6,781100000000.0,2062311970,23.2,-57.2,0,0,False,False,False,False,False,False,False,False,False,False,False
109610.KQ,에스와이,1999.0,20.3,97800000000.0,1867767705,35.2,-45.5,0,2,False,False,False,False,False,False,False,True,True,False,False
218150.KQ,미래생명자원,2035.0,20.0,41500000000.0,3741452703,31.7,-52.7,0,1,False,False,False,False,False,False,False,False,True,False,False
206650.KQ,유바이오로직스,8650.0,19.7,317900000000.0,1176970555,24.5,-51.1,0,1,False,False,False,False,False,False,False,True,False,False,False
237690.KQ,에스티팜,91000.0,19.5,1899800000000.0,18181389758,8.2,-47.1,5,2,False,False,False,False,True,True,False,False,False,False,False
272290.KQ,이녹스첨단소재,20300.0,19.2,404700000000.0,2297422225,21.6,-54.3,0,1,False,False,False,False,True,False,False,False,False,False,False
293490.KQ,카카오게임즈,8820.0,18.9,941500000000.0,4134255526,30.1,-52.2,0,2,False,False,False,False,False,False,False,True,True,False,False
168360.KQ,펨트론,13170.0,18.6,294900000000.0,1424302875,51.9,-62.0,0,2,False,False,False,False,True,False,False,False,True,False,False
310210.KQ,보로노이,148300.0,18.3,2747000000000.0,14330021840,52.1,-60.5,0,2,False,False,False,False,True,False,False,False,True,False,False
281740.KQ,레이크머티리얼즈,11450.0,18.0,752600000000.0,4140142040,24.5,-60.1,0,1,False,False,False,False,True,False,False,False,False,False,False
304100.KQ,솔트룩스,15860.0,17.7,199700000000.0,3306150568,59.2,-58.6,0,2,False,False,False,False,False,False,False,True,True,False,False
347850.KQ,디앤디파마텍,49500.0,17.4,2269000000000.0,84263251576,45.1,-57.5,0,1,False,False,False,False,False,False,False,False,True,False,False
248070.KS,솔루엠,12670.0,17.1,605800000000.0,1620265817,10.0,-48.0,0,1,False,False,False,False,True,False,False,False,False,False,False
357880.KQ,SKAI,1866.0,16.8,101100000000.0,1943521783,32.1,-69.7,0,2,False,False,False,False,True,False,False,False,True,False,False
094360.KQ,칩스앤미디어,10720.0,16.5,228900000000.0,1528876265,38.5,-49.3,0,1,False,False,False,False,False,False,False,False,True,False,False
256840.KQ,한국비엔씨,2730.0,16.3,186700000000.0,2033515468,33.2,-55.8,0,2,False,False,False,False,False,False,False,True,True,False,False
035720.KS,카카오,35050.0,16.0,15527100000000.0,81925256631,8.7,-49.7,0,0,False,False,False,False,False,False,False,False,False,False,False
100090.KS,SK오션플랜트,13010.0,15.7,812800000000.0,27952635471,18.2,-58.8,0,0,False,False,False,False,False,False,False,False,False,False,False
291810.KQ,핀텔,1469.0,15.4,16700000000.0,1006553861,101.2,-71.7,0,2,False,False,False,False,False,False,False,True,True,False,False
251270.KS,넷마블,35050.0,15.1,2914700000000.0,5733705991,2.6,-49.2,0,0,False,False,True,False,False,False,False,False,False,False,False
108320.KS,LX세미콘,36050.0,14.8,586300000000.0,3382098724,22.2,-46.4,0,0,False,False,False,False,False,False,False,False,False,False,False
075580.KS,세진중공업,10450.0,14.5,594100000000.0,2419098939,22.9,-61.9,0,0,False,False,False,False,False,False,False,False,False,False,False
215100.KQ,로보로보,4175.0,14.2,85000000000.0,1182359770,33.2,-72.7,0,2,False,False,False,False,False,False,False,True,True,False,False
247540.KQ,에코프로비엠,114900.0,13.9,11240700000000.0,52688383377,30.1,-55.8,0,3,False,False,False,False,True,False,False,True,True,False,False
445680.KQ,큐리옥스바이오시스템즈,48600.0,13.6,836500000000.0,4805023364,53.6,-67.4,0,2,False,False,False,False,False,False,False,True,True,False,False
017860.KS,DS단석,12100.0,13.4,213600000000.0,1129149419,26.6,-54.3,0,1,False,False,False,False,False,False,False,True,False,False,False
432720.KQ,퀄리타스반도체,8970.0,13.1,127300000000.0,1034440184,56.8,-72.1,0,2,False,False,False,False,False,False,False,True,True,False,False
249420.KS,일동제약,15940.0,12.8,504300000000.0,4596651778,41.7,-64.6,0,2,False,False,False,False,False,False,False,True,True,False,False
194700.KQ,노바렉스,10220.0,12.5,186600000000.0,2148038846,0.2,-52.5,0,0,False,False,True,False,False,False,False,False,False,False,False
230240.KQ,에치에프알,11870.0,12.2,158000000000.0,2567436058,5.5,-70.1,0,1,False,False,False,False,True,False,False,False,False,False,False
372320.KQ,큐로셀,24000.0,11.9,365500000000.0,1035704652,16.2,-63.6,0,0,False,False,False,False,False,False,False,False,False,False,False
090410.KQ,덕신이피씨,3740.0,11.6,34500000000.0,1033561648,33.1,-53.1,0,1,False,False,False,False,False,False,False,False,True,False,False
352820.KS,하이브,174200.0,11.3,7509200000000.0,50648316636,10.3,-57.0,0,0,False,False,False,False,False,False,False,False,False,False,False
064350.KS,현대로템,126100.0,11.0,13762800000000.0,72431848022,11.5,-55.3,0,0,False,False,False,False,False,False,False,False,False,False,False
274090.KQ,켄코아에어로스페이스,9980.0,10.7,137500000000.0,1560432136,36.7,-74.8,0,2,False,False,False,False,True,False,False,False,True,False,False
450080.KS,에코프로머티,37750.0,10.5,2673200000000.0,13195047871,39.3,-57.5,0,2,False,False,False,False,False,False,False,True,True,False,False
194480.KQ,데브시스터즈,15160.0,10.2,184500000000.0,1806869595,15.7,-74.0,0,0,False,False,False,False,False,False,False,False,False,False,False
228760.KQ,지노믹트리,10530.0,9.9,261800000000.0,1195714953,5.2,-68.4,0,0,False,False,False,False,False,False,False,False,False,False,False
253450.KQ,스튜디오드래곤,21150.0,9.6,635700000000.0,1578906547,11.3,-58.1,0,0,False,False,False,False,False,False,False,False,False,False,False
377480.KQ,마음AI,9980.0,9.3,71000000000.0,1677961492,29.1,-62.3,0,1,False,False,False,False,False,False,False,True,False,False,False
336570.KQ,원텍,4940.0,9.0,441000000000.0,3204978886,19.6,-56.8,0,0,False,False,False,False,False,False,False,False,False,False,False
214150.KQ,클래시스,31500.0,8.7,2054900000000.0,11233172285,1.6,-59.4,0,0,False,False,False,False,False,False,False,False,False,False,False
160190.KQ,하이젠알앤엠,22400.0,8.4,691900000000.0,3257776562,103.6,-75.4,0,2,False,False,False,False,False,False,False,True,True,False,False
900340.KQ,윙입푸드,1489.0,8.1,53000000000.0,1084297781,64.5,-69.0,0,2,False,False,False,False,False,False,False,True,True,False,False
462350.KQ,이노스페이스,6000.0,7.8,203300000000.0,1864977287,24.7,-71.1,0,0,False,False,False,False,False,False,False,False,False,False,False
042000.KQ,카페24,15540.0,7.5,375700000000.0,1106848972,3.5,-64.6,0,0,False,False,False,False,False,False,False,False,False,False,False
376300.KQ,디어유,17880.0,7.3,424400000000.0,1683992676,1.5,-68.5,0,0,False,False,False,False,False,False,False,False,False,False,False
298380.KQ,에이비엘바이오,69000.0,7.0,3863100000000.0,26234196274,15.4,-73.2,0,0,False,False,False,False,False,False,False,False,False,False,False
358570.KQ,지아이이노베이션,8470.0,6.7,546500000000.0,3525452384,30.9,-59.7,0,2,False,False,False,False,False,False,False,True,True,False,False
034230.KS,파라다이스,9860.0,6.4,913300000000.0,6707050486,7.6,-58.9,0,0,False,False,False,False,False,False,False,False,False,False,False
214370.KQ,케어젠,43550.0,6.1,2339300000000.0,4957705858,1.4,-71.7,0,1,False,False,True,False,True,False,False,False,False,False,False
365330.KQ,에스와이스틸텍,1630.0,5.8,81800000000.0,1617165824,46.8,-65.5,0,2,False,False,False,False,False,False,False,True,True,False,False
348210.KQ,넥스틴,31650.0,5.5,331600000000.0,2930358767,27.6,-68.5,0,0,False,False,False,False,False,False,False,False,False,False,False
417860.KQ,오브젠,6860.0,5.2,32300000000.0,1171546783,18.1,-61.3,0,0,False,False,False,False,False,False,False,False,False,False,False
255220.KQ,SG,1220.0,4.9,133700000000.0,2445818347,17.9,-66.4,0,0,False,False,False,False,False,False,False,False,False,False,False
900270.KQ,헝셩그룹,2895.0,4.6,31000000000.0,1075586916,37.9,-78.8,0,2,False,False,False,False,False,False,False,True,True,False,False
419530.KQ,SAMG엔터,17680.0,4.4,180500000000.0,2352170018,2.1,-73.3,0,0,False,False,True,False,False,False,False,False,False,False,False
062970.KQ,한국첨단소재,1930.0,4.1,55100000000.0,2564015173,4.4,-80.9,0,1,False,False,False,False,True,False,False,False,False,False,False
062970.KQ,한국첨단소재,1930.0,4.1,55100000000.0,2564015173,4.4,-80.9,0,1,False,False,False,False,True,False,False,False,False,False,False
087010.KQ,펩트론,146500.0,3.5,3416000000000.0,35036864144,49.5,-62.7,0,1,False,False,False,False,False,False,False,False,True,False,False
322310.KQ,오로스테크놀로지,12650.0,3.2,118500000000.0,1942967124,15.9,-75.7,0,1,False,False,False,False,True,False,False,False,False,False,False
047920.KQ,HLB제약,6870.0,2.9,225300000000.0,2485641351,14.5,-69.1,0,0,False,False,False,False,False,False,False,False,False,False,False
328130.KQ,루닛,8630.0,2.6,642600000000.0,3432635888,3.4,-64.8,0,0,False,False,False,False,False,False,False,False,False,False,False
389470.KQ,인벤티지랩,25550.0,2.3,340000000000.0,1561197690,12.8,-74.9,0,0,False,False,False,False,False,False,False,False,False,False,False
900300.KQ,오가닉티코스메틱,3350.0,2.0,68900000000.0,2140696992,117.4,-86.5,0,2,False,False,False,False,False,False,False,True,True,False,False
348370.KQ,엔켐,22650.0,1.7,496300000000.0,6060906024,61.6,-78.4,0,2,False,False,False,False,False,False,False,True,True,False,False
397030.KQ,에이프릴바이오,17520.0,1.5,482800000000.0,6536081457,5.5,-77.2,0,1,False,False,False,False,True,False,False,False,False,False,False
210980.KS,SK디앤디,3750.0,1.2,69800000000.0,1811313694,42.1,-72.8,0,1,False,False,False,False,False,False,False,False,True,False,False
321370.KQ,센서뷰,1136.0,0.9,80200000000.0,3115401967,17.7,-95.6,0,0,False,False,False,False,False,False,False,False,False,False,False
950160.KQ,코오롱티슈진,17470.0,0.6,1484400000000.0,62937098255,52.3,-88.3,0,2,False,False,False,False,True,False,False,False,True,False,False
179900.KQ,유티아이,2220.0,0.3,47900000000.0,1543855655,32.1,-92.4,0,1,False,False,False,False,False,False,False,False,True,False,False
